Id;X;Y;Z

2;
3;
4;
5;

0.525731112119134  1/

0.850650808352040 phi/
